day,mean_num_delays
Monday,135.3846153846154
Tuesday,142.5
Wednesday,155.65384615384616
Thursday,152.1346153846154
Friday,160.30769230769232
Saturday,139.65384615384616
Sunday,101
