day,mean
Monday,3063.6923076923076
Tuesday,2959.75
Wednesday,3634.8653846153848
Thursday,3238.269230769231
Friday,3438.3653846153848
Saturday,3118.3076923076924
Sunday,2390.811320754717
