day,mean
Monday,3047.6153846153848
Tuesday,2944.8076923076924
Wednesday,3615.6923076923076
Thursday,3210.019230769231
Friday,3423.826923076923
Saturday,3107.4615384615386
Sunday,2372.735849056604
