day,mean_num_delays
Friday,63.84615384615385
Monday,61.84615384615385
Saturday,55.19230769230769
Sunday,50.660377358490564
Thursday,66.1923076923077
Tuesday,64.84615384615384
Wednesday,67.5576923076923
