day,mean_num_delays
Monday,62.09615384615385
Tuesday,64.92307692307692
Wednesday,67.76923076923077
Thursday,66.26923076923077
Friday,64.01923076923077
Saturday,55.21153846153846
Sunday,50.75471698113208
