day,mean_num_delays
Monday,147.17307692307693
Tuesday,154.23076923076923
Wednesday,170.55769230769232
Thursday,166.40384615384616
Friday,173.15384615384616
Saturday,153.40384615384616
Sunday,113.79245283018868
