day,mean
Monday,201.5
Tuesday,187.15384615384616
Wednesday,191
Thursday,196.44230769230768
Friday,194.80769230769232
Saturday,161.57692307692307
Sunday,171.0943396226415
