day,mean_num_delays
Monday,8.810958904109588
Tuesday,9.238356164383562
Wednesday,9.624657534246575
Thursday,9.43013698630137
Friday,9.095890410958905
Saturday,7.863013698630137
Sunday,7.3561643835616435
