day,mean_num_delays
Friday,160.30769230769232
Monday,135.3846153846154
Saturday,139.65384615384616
Sunday,101.0
Thursday,152.1346153846154
Tuesday,142.5
Wednesday,155.65384615384616
