day,mean_num_delays
Monday,19.28767123287671
Tuesday,20.301369863013697
Wednesday,22.175342465753424
Thursday,21.673972602739727
Friday,22.838356164383562
Saturday,19.895890410958906
Sunday,14.665753424657535
